,RMSE
feature_39,5.022501193503609
feature_18,5.105678600160605
feature_37,5.150400680259068
feature_41,5.223523576788798
feature_43,5.2318944952709545
feature_62,5.274802104653525
feature_13,5.326969098082501
feature_42,5.359521915207792
feature_48,5.366922055178966
feature_44,5.389098745092883
feature_38,5.390042670689771
feature_50,5.410176089936264
feature_46,5.414971406517692
feature_17,5.429389569795175
feature_11,5.5193089249527985
feature_61,5.533068693354663
feature_40,5.549414770506194
feature_7,5.559728390824236
feature_52,5.565650885072162
feature_31,5.57089311003277
feature_16,5.598498234884833
feature_33,5.599692713271013
feature_9,5.626452043602508
feature_6,5.630343249094269
feature_35,5.632774413457775
feature_14,5.651824582148888
feature_10,5.677156883968158
feature_47,5.694751587556028
feature_8,5.706955341049425
feature_70,5.735404230118235
feature_19,5.754462077099763
feature_12,5.755804777721618
feature_75,5.772214476289329
feature_60,5.7951916979011315
feature_74,5.798542145407122
feature_89,5.804543377569708
feature_110,5.807468628670271
feature_24,5.812144952240197
feature_109,5.812698585238186
feature_5,5.8177338380752355
feature_81,5.821114570766828
feature_69,5.8215692339194005
feature_76,5.854236362260193
feature_117,5.855065803099002
feature_26,5.8625552376621375
feature_77,5.863504831286529
feature_108,5.86814854226965
feature_118,5.870158340670905
feature_73,5.872032280476093
feature_84,5.88182835961059
feature_99,5.884631084828212
feature_98,5.895540577273149
feature_25,5.907402376108895
feature_78,5.909140614726021
feature_23,5.911956168365341
feature_21,5.925038958206016
feature_116,5.925989821114027
feature_100,5.9305321129769135
feature_101,5.933145264909098
feature_68,5.934960595202239
feature_22,5.937717523335423
feature_67,5.938669954664489
feature_92,5.938909491053816
feature_51,5.946684135968137
feature_107,5.953669234429279
feature_102,5.964045437616248
feature_97,5.985195993025206
feature_85,5.997297944125266
feature_66,6.022254749004878
feature_115,6.024363311004386
feature_93,6.026179231350987
feature_106,6.038398676418053
feature_65,6.044286875401397
feature_88,6.05378171054094
feature_53,6.05393827477364
feature_30,6.064312012825611
feature_105,6.069807601706243
feature_59,6.078495911657805
feature_15,6.083026821051572
feature_20,6.091352285847818
feature_114,6.1089492996551495
feature_113,6.126408884402536
feature_72,6.1315067480645675
feature_86,6.142400820552271
feature_82,6.146775386177081
feature_94,6.151818148060918
feature_80,6.17010870361519
feature_83,6.175210877628469
feature_112,6.189793001671591
feature_63,6.191388393434509
feature_0,6.198732732958459
feature_96,6.20324970271538
feature_64,6.204848299252124
feature_104,6.2068587255340715
feature_90,6.211234498542185
feature_49,6.21348584791898
feature_58,6.225754407567181
feature_91,6.2285157929807164
feature_87,6.274261788215693
feature_57,6.2914996532350695
feature_111,6.305977367991962
feature_71,6.32909252746666
feature_2,6.330028261441196
feature_103,6.330798416081103
feature_95,6.3478963801418775
feature_79,6.3607249766108005
feature_34,6.3691799423179045
feature_1,6.373047297578806
feature_56,6.375307509831786
feature_45,6.38943686471414
feature_54,6.390966674557273
feature_55,6.3943935136950145
feature_32,6.404639336480682
feature_29,6.410779749936253
feature_36,6.428057868421837
feature_27,6.428254726318166
feature_3,6.434228267224682
feature_28,6.439062921451045
feature_4,6.444216261535198
